,Name,Code,ICAO
0,21 Air,2I,CSB
1,25only Aviation,4Q,ONY
2,2Excel Aviation,,BRO
3,40-Mile Air,Q5,MLA
4,748 Air Services,FE,IHO
5,9 Air,AQ,JYH
6,Abakan Air,S5,NKP
7,ABS Jets,,ABP
8,Abu Dhabi Aviation,,BAR
9,ABX Air,GB,ABX
10,Acass Ireland,,SON
11,Advanced Air,AN,WSN
12,Aegean Airlines,A3,AEE
13,Aer Lingus,EI,EIN
14,Aer Lingus UK,EG,EUK
15,AerCaribe,JK,ACL
16,Aero,TD,BLK
17,Aero,N2,NIG
18,Aero Asahi Corporation,,AKF
19,Aero Charter,,GLT
20,Aero Charter and Transport,,CTA
21,Aero FlightOps UK,FO,UKA
22,Aero Guernsey,,AEO
23,Aero K,RF,EOK
24,Aero Mongolia,M0,MNG
25,Aero Nomad Airlines,KA,ANK
26,Aero Sotravia,,ASR
27,Aero-Beta Flight Training,,ABA
28,Aero-Dienst,,ADN
29,Aero-Service,,RSR
30,Aeroflot,SU,AFL
31,Aeroitalia,XZ,AEZ
32,Aerolineas Argentinas,AR,ARG
33,Aerolineas Ejecutivas,,LET
34,Aerolineas Sosa,P4,NSO
35,Aerolink Uganda,A8,XAU
36,AeroLogic,3S,BOX
37,Aeromar,VW,TAO
38,Aeromexico,AM,AMX
39,Aeromexico Connect,5D,SLI
40,Aeronaves TSM,,VTM
41,Aeropartner,,DFC
42,Aeroregional,,RER
43,Aeroservicios de la Costa,,TAA
44,Aerostan,,BSC
45,Aerosucre,,KRE
46,Aerosul Linhas Aereas,,ASO
47,Aerotec,,AEP
48,Aerotours,,ATU
49,Aerotranscargo,F5,ATG
50,AeroUnion,6R,TNO
51,Aerovias DAP,V5,DAP
52,Aerovis Airlines,,VIZ
53,Aerro Direkt,4D,DIR
54,AF-Aviation,,AFF
55,Afric Aviation,L8,EKG
56,Africa Airlines,,AAT
57,Africa Charter Airline,,FSK
58,Africa World Airlines,AW,AFW
59,African Express Airways,XU,AXK
60,Afrijet,J7,ABS
61,Afriqiyah Airways,8U,AAW
62,Air 1st Aviation,,RUF
63,Air Albania,ZB,ABN
64,Air Algerie,AH,DAH
65,Air Alliance,,AYY
66,Air Alsie,6I,MMD
67,Air Anka,TZ,TAH
68,Air Antilles,3S,GUY
69,Air Arabia,G9,ABY
70,Air Arabia Abu Dhabi,3L,ADY
71,Air Arabia Egypt,E5,RBG
72,Air Arabia Maroc,3O,MAC
73,Air Astana,KC,KZR
74,Air Astra,A2,AWA
75,Air Atlanta Europe,CT,AAE
76,Air Atlanta Icelandic,CC,ABD
77,Air Austral,UU,REU
78,Air Bagan,W9,JAB
79,Air Baltic,BT,BTI
80,Air Belgium,KF,ABB
81,Air Bohemia,,BOH
82,Air Borealis,,LBR
83,Air Botswana,BP,BOT
84,Air Bucharest,,BUR
85,Air Burkina,2J,VBW
86,Air Busan,BX,ABL
87,Air Cairo,SM,MSC
88,Air Caledonie,TY,TPC
89,Air Canada,AC,ACA
90,Air Canada Rouge,RV,ROU
91,Air Caraibes,TX,FWI
92,Air Care Alliance,,CMF
93,Air Cargo Carriers,2Q,SNC
94,Air Cargo Global,CW,CCC
95,Air Century,Y2,CEY
96,Air Changan,9H,CGN
97,Air Charity Network,,NGF
98,Air Charter Scotland,,EDC
99,Air Charter Scotland Europe,,SCO
100,Air Chathams,3C,CVA
101,Air China,CA,CCA
102,Air China Cargo,,CAO
103,Air China Inner Mongolia,,CNM
104,Air Choice One,3E,ACO
105,Air CM Global,,RJR
106,AirConnect,KS,KON
107,Air Corporate,,CPV
108,Air Corsica,XK,CCM
109,Air Costa Rica,RI,RII
110,Air Cote d'Ivoire,HF,VRE
111,Air Creebec,YN,CRQ
112,Air Deccan,,DKN
113,Air Do,HD,ADO
114,Air Dolomiti,EN,DLA
115,Air Europa,UX,AEA
116,Air Europa Express,X5,OVA
117,Air Excel,,XLL
118,Air Falcon,FS,FPK
119,Air Flamenco,F4,WAF
120,Air France,AF,AFR
121,Air France Hop,A5,HOP
122,Air Georgia,DC,AGF
123,Air Ghana,,GHN
124,Air Greenland,GL,GRL
125,Air Guilin,GT,CGH
126,Air Hamburg,,AHO
127,Air Hong Kong,LD,AHK
128,Air Horizont,HT,HAT
129,Air Incheon,KJ,AIH
130,Air India,AI,AIC
131,Air India Express,IX,AXB
132,Air Inuit,3H,AIE
133,Air Japan,NQ,AJX
134,Air KBZ,K7,KBZ
135,Air Kiribati,IK,AKL
136,Air Koryo,JS,KOR
137,Air Leisure,AL,ALD
138,Air Liaison,DU,LSJ
139,Air Libya,7I,TLR
140,Air Loyaute,,RLY
141,Air Macau,NX,AMU
142,Air Madagascar,MD,MDG
143,Air Malta,KM,AMC
144,Air Manas,ZM,MBB
145,Air Mauritius,MK,MAU
146,Air Mediterranean,MV,MAR
147,Air Moldova,9U,MLD
148,Air Montenegro,,MNE
149,Air Mountain,,AMT
150,Air New Zealand,NZ,ANZ
151,Air Niugini,PX,ANG
152,Air North,4N,ANT
153,Air Nostrum,YW,ANE
154,Air Nunavut,,BFF
155,Air Panama,7P,PST
156,Air Peace,P4,APK
157,Air Premia,YP,APZ
158,Air Rarotonga,GZ,RAR
159,Air Saint-Pierre,PJ,SPM
160,Air Senegal,HC,SZN
161,Air Seoul,RS,ASV
162,Air Seychelles,HM,SEY
163,Air Sphinx,,ASD
164,Air Spray,,ASB
165,Air Sunshine,,RSI
166,Air Tahiti,VT,VTA
167,Air Tahiti Nui,TN,THT
168,Air Tanzania,TC,ATC
169,Air Taxi & Charter International,,IBJ
170,Air Thanlwin,ST,RTL
171,Air Tindi,8T,TIN
172,Air Transat,TS,TSC
173,Air Transport Europe,,EAT
174,Air Transport International,8C,ATN
175,Air Travel,A6,OTC
176,Air Urga,3N,URG
177,Air Vanuatu,NF,AVN
178,Air Volta,,VLB
179,Air Wisconsin,ZW,AWI
180,Air X Charter,AX,AXY
181,Air Zimbabwe,UM,AZW
182,Air-Glaciers,,AGV
183,Air-Taxi Europe,,TWG
184,AirACT,9T,RUN
185,AirAsia,AK,AXM
186,AirAsia India,I5,IAD
187,AirAsia X,D7,XAX
188,AirBlue,PA,ABQ
189,AirBridgeCargo Airlines,RU,ABW
190,Airbus,,AIB
191,Airbus Transport International,4Y,BGA
192,Aircalin,SB,ACI
193,Aircompany Armenia,RM,NGT
194,Aircompany RusJet,,RSJ
195,Aircraft Management Group,,RVJ
196,Aireon Canada,,AEN
197,Airest,,AEG
198,AirExplore,ED,AXE
199,Airfast Indonesia,,AFE
200,AirGO Private Airline,,XGO
201,Airhub Airlines,RE,GJM
202,Airkenya Express,P2,XAK
203,Airlec Air Espace,,ARL
204,Airlift,,ALI
205,Airlift International,,AIR
206,Airlink,,JAR
207,Airlink,4Z,LNK
208,AirNet,,USC
209,Airnorth,TL,ANO
210,Airpac Airlines,,APC
211,AirPink,,PNK
212,AirSERBIA,JU,ASL
213,AirSF Flight Services,,XSN
214,AirShare,,XSR
215,AirSial,PF,SIF
216,AirSmart,,XSM
217,AirSprint,,ASP
218,Airstream,,AQS
219,AirSWIFT,T6,ATX
220,AirTanker,9L,TOW
221,Airtask,,DCT
222,AirTraffic,,ATY
223,Airwing,,NWG
224,Airwork,,AWK
225,AIS Airlines,,PNX
226,Ajwaa Airlines,,AJY
227,Akasa Air,QP,AKJ
228,Al-Atheer Aviation,,ATE
229,Al-Naser Wings,NG,NAD
230,Alante Air Charter,,SVL
231,Alaska Airlines,AS,ASA
232,Alaska Central Express,KO,AER
233,AlbaStar,AP,LAV
234,Albatros Airlines,G0,GAL
235,Albawings,2B,AWT
236,Albinati Aeronautics,,LUC
237,Albinati Aeronautics,,ULC
238,Alexandria Airlines,DQ,KHH
239,Alfa Airlines,5E,AAJ
240,Algonquin Airlink,,FSY
241,Alidaunia,D4,LID
242,AlisCargo Airlines,CP,LSI
243,Aliserio,,TJD
244,ALK Airlines,,VBB
245,Alkan Air,,ALN
246,Alkan Air,,AKN
247,All Nippon Airways,NH,ANA
248,Allegiant Air,G4,AAY
249,Alliance Air,9I,LLR
250,Alliance Airlines,QQ,UTY
251,Allied Air,4W,AJK
252,AlMasria Universal Airlines,UJ,LMU
253,Aloha Air Cargo,KH,AAH
254,AlpAvia,,APP
255,Alphaland Aviation,,BIC
256,Alpine Air Express,5A,AIP
257,Alpine Flightservice,,FSE
258,Alrosa,6R,DRU
259,ALS,,ALW
260,Altagna,,AGH
261,Amakusa Airlines,MZ,AHX
262,Amapola Flyg,HP,APF
263,Amaszonas,Z8,AZN
264,AMC Airlines,,AMV
265,AMC Aviation,,AMQ
266,Amelia,8R,AIA
267,Amelia International,NL,AEH
268,American Air Charter,,GTW
269,American Airlines,AA,AAL
270,Ameriflight,A8,AMF
271,Amerijet International,M6,AJT
272,Ameristar,7Z,AJI
273,AMREF Flying Doctors,,FDS
274,AMS Airlines,,GEO
275,ANA Wings,EH,AKX
276,Anap Jets,,AJP
277,Anda Air,DM,SSV
278,Anderson Air,,ADS
279,Andes Lineas Aereas,,ANS
280,Angara Airlines,2G,AGU
281,Anguilla Air Services,Q3,AXL
282,Animawings,A2,AWG
283,Antonov Airlines,,ADB
284,APG Airlines,GP,RIV
285,Arajet,DM,DWI
286,Arc en Ciel,,JMS
287,Arcus Air,,AZE
288,Ariana Afghan Airlines,FG,AFG
289,Arik Air,W3,ARA
290,Arkhangelsk Airlines,,OAO
291,Arkia Israeli Airlines,IZ,AIZ
292,Armenia Airways,6A,AMW
293,Aruba Airlines,AG,ARU
294,ASAS Linhas Aereas,,CEU
295,ASG Business Aviation,,ESW
296,Asia Cargo Airlines,GM,TMG
297,Asia Pacific Airlines,P9,MGE
298,Asia Sky Lines,,LIC
299,Asian Express General Aviation Wuxi,,WUA
300,Asiana Airlines,OZ,AAR
301,Asky Airlines,KP,SKK
302,ASL Airlines,,ABR
303,ASL Airlines Belgium,3V,TAY
304,ASL Airlines France,5O,FPO
305,ASL Airlines Hungary,,FAH
306,ASL Airlines UK,,ABV
307,Asta Linhas Aereas,0A,SUL
308,Astonjet,,ASJ
309,Astral Aviation,8V,ACP
310,ATA Airlines,I3,TBZ
311,ATI Jet,,CYO
312,Atlantic Airways,RC,FLI
313,Atlas Air,5Y,GTI
314,Atlas Air Service,,ATL
315,ATR,,EVX
316,Atran,V8,VAS
317,Auckland Rescue Helicopter,,WPR
318,Aura Airlines,U5,GWR
319,Auric Air,UI,AUK
320,Aurigny Air Services,GR,AUR
321,Aurora,HZ,SHU
322,Austrian Airlines,OS,AUA
323,Av8Jet,,AJO
324,Avanti Air,,ATV
325,Avcenter,,TTE
326,Avcon Jet,,AOJ
327,Avcon Jet Malta,,VCJ
328,Avcon Jet San Marino,,VAJ
329,Avelo Airlines,XP,VXP
330,Avia Traffic,YK,AVJ
331,Aviacon Zitotrans,ZR,AZS
332,Avianca,AV,AVA
333,Avianca Cargo,QT,TPA
334,Avianca Costa Rica,LR,LRC
335,Avianca Ecuador,2K,GLG
336,Avianca El Salvador,TA,TAI
337,Avianca Express,EX,AVR
338,Avianca Guatemala,GU,GUG
339,Aviastar,,VIT
340,Aviastar-TU,4B,TUP
341,Aviation Advisor,,LKF
342,Aviation Horizons,ZS,HZS
343,Avion Express,X9,NVD
344,Avion Express Malta,X8,MLH
345,Avionord,,VND
346,Avior Airlines,9V,ROI
347,Aviostart,,VSR
348,Azerbaijan Airlines,J2,AHY
349,Azimuth,A4,AZO
350,Azman Air,ZQ,AZM
351,Azores Airlines,S4,RZO
352,Aztec Airways,AJ,AZY
353,Azul Conecta,2F,ACN
354,Azul Linhas Aereas,AD,AZU
355,Azur Air,ZF,AZV
356,Azur Air Ukraine,QU,UTN
357,BA CityFlyer,CJ,CFE
358,BA Euroflyer,0A,EFW
359,Babcock MCS Espana,,INR
360,Babcock MCS France,,PTH
361,Babcock MCS Italia,,ELH
362,Babcock MCS Offshore,,BND
363,Babcock MCS Onshore,,RHD
364,Babcock MCS Portugal,,BBO
365,Babcock Scandinavian AirAmbulance,,DFL
366,Babcock Scandinavian AirAmbulance,,BNO
367,Baden Aircraft Operations,,BAO
368,Badr Airlines,J4,BDR
369,BAe Systems,,BAE
370,BAe Systems Marine,,VSB
371,Bahamasair,UP,BHS
372,Bairline,,BRJ
373,Bakhtar Afghan Airlines,BM,BFO
374,Bamboo Airways,QH,BAV
375,Bangkok Airways,PG,BKP
376,BankAir,,BKA
377,Bar XH Air,,BXH
378,Baron Aviation Services,,BVN
379,Bassaka Air,5B,BSX
380,Batik Air,ID,BTK
381,Batik Air Malaysia,OD,MXD
382,Bearskin Airlines,JV,BLS
383,Bees Airline,7B,UBE
384,Beijing Airlines,,BJN
385,Bel Air Aviation,,BBX
386,Belavia,B2,BRU
387,Bemidji Airlines,CH,BMJ
388,Bering Air,8E,BRG
389,Berjaya Air,J8,BVT
390,Berniq Airways,NB,BNL
391,Berry Aviation,,BYA
392,Bestfly Aruba,,BFY
393,Bestfly Cabo Verde,3B,BCV
394,BH Air,8H,BGH
395,Bhutan Airlines,B3,BTN
396,Bighorn Airways,,BHR
397,Biman Bangladesh Airlines,BG,BBC
398,BinAir,,BID
399,Binter Canarias,NT,IBB
400,Bioflight,,BIO
401,Bismillah Airlines,BH,BML
402,Blue Air,0B,BLA
403,Blue Bird Aviation,,BLB
404,Blue Dart Aviation,BZ,BDA
405,Blue Islands,SI,BCI
406,Blue Square Aviation,,BSG
407,Bluebird Airways,BZ,BBG
408,Bluebird Aviation,,BBZ
409,Bluebird Nordic,BO,BBD
410,Boeing,,BOE
411,Boliviana de Aviacion,OB,BOV
412,Bombardier,,BBA
413,Bonza,,BNZ
414,Bookajet,,BOO
415,Boutique Air,4B,BTQ
416,Boutique Aviation,,BQA
417,BRA,TF,BRX
418,Bravo Airways,,BAY
419,Breeze Airways,MX,MXY
420,Brilliant Jet,,TXJ
421,Bristow Helicopters,,BHL
422,Bristow Nigeria,,BHN
423,Bristow Norway,,NOR
424,Bristow US,,BTZ
425,British Airways,BA,BAW
426,British Airways Shuttle,,SHT
427,British International Helicopters,,BRT
428,Bromma Air Maintenance,,CFL
429,Brussels Airlines,SN,BEL
430,Budapest Aircraft Service,RP,BPS
431,Buddha Air,U4,BHA
432,Budget Lines,BD,BGN
433,Buffalo Airways,,BFL
434,Bul Air,LB,BVL
435,Bulgaria - Government,,BGF
436,Bulgaria Air,FB,LZB
437,Buraq Air,UZ,BRQ
438,Business Aviation Asia,UN,UNA
439,Business Wings,,JMP
440,Buzz,RR,RYS
441,BySky,,BYS
442,C&M Airways,,RWG
443,CAA,BU,REB
444,Cabo Verde Airlines,VR,TCV
445,Caicos Express Airways,9Q,CXE
446,Calafia Airlines,A7,CFV
447,Calm Air,MO,CAV
448,Calstar,,CMD
449,Camair-Co,QC,CRC
450,Cambodia Airways,KR,KME
451,Cambodia Angkor Air,K6,KHV
452,Cambodia Bayon Airlines,BD,BYC
453,Cameroon Airlines,UY,UYC
454,Camex Airlines,Z7,CMS
455,Canada - Department of Transport,,TGO
456,Canadian Airways Congo,,TWC
457,Canadian North,5T,AKT
458,Canarias Airlines,,RSC
459,CanaryFly,PM,CNF
460,Canavia,,CNA
461,Canjet Airlines,C6,CJA
462,Canlink Aviation,,MFC
463,CanWest Air,,CWA
464,Cape Air,9K,KAP
465,Capital Air Ambulance,,EGL
466,Capital Airlines,JD,CBJ
467,Capital City Air Carriers,,CCQ
468,Cardiff Aviation Malta,,SGO
469,Cardig Air,,CAD
470,CareFlight,,CFH
471,Cargo Air,,CGF
472,Cargo Three,C3,CTW
473,Cargojet Airways,W8,CJT
474,CargoLogic Germany,6L,GCL
475,CargoLogicAir,P3,CLU
476,Cargolux,CV,CLX
477,Cargolux Italia,C8,ICV
478,Caribbean Airlines,BW,BWA
479,Carpatair,V3,KRP
480,Carson Air,,CRN
481,Caspian Airlines,RV,CPN
482,Castle Aviation,,CSJ
483,CAT Aviation,,CAZ
484,Cathay Pacific,CX,CPA
485,Catreus,,VCG
486,Cavok Air,,CVK
487,Cayman Airways,KX,CAY
488,Cebgo,DG,SRQ
489,Cebu Pacific,5J,CEB
490,Ceiba Intercontinental,C2,CEL
491,CemAir,5Z,KEM
492,Central Air Southwest,,CTL
493,Central Airlines,I9,HLF
494,Central Mountain Air,9M,GLR
495,Centreline,,CLF
496,Chabahar Airlines,,IRU
497,Chair Airlines,GM,GSW
498,Chalair Aviation,CE,CLG
499,Challenge Air Cargo,X6,CHZ
500,Challenge Airlines,X7,CHG
501,Challenge Airlines IL,5C,ICL
502,Cham Wings Airlines,6Q,SAW
503,Charter Jets,,LTC
504,Chartright Air,,HRT
505,CHC Helicopter,,HMB
506,CHC Helicopters Netherlands,,HNL
507,CHC Helicopters Nigeria,,ATQ
508,CHC Helikopter Service,,HKS
509,CHC International,,GCY
510,Chengdu Airlines,EU,UEA
511,Chervon Corporation,,GLH
512,Chicago Jet Group,,WDY
513,China Airlines,CI,CAL
514,China Cargo Airlines,CK,CKK
515,China Central Longhao Airlines,GI,LHA
516,China Eastern Airlines,MU,CES
517,China Express Airlines,G5,HXA
518,China Postal Airlines,CF,CYZ
519,China Southern Airlines,CZ,CSN
520,China Southern Cargo,,CSG
521,China United Airlines,KN,CUA
522,Chongqing Airlines,OQ,CQN
523,Chrono Aviation,MB,NDL
524,Chrono Jet,MB,MBK
525,Cinnamon Air,C7,CIN
526,CITIC Offshore Helicopter,,CHC
527,Citilink,QG,CTV
528,Citrus,XT,CTU
529,Cityjet,WX,BCY
530,Civil Air Patrol,,CAP
531,Class Aviation,,DUC
532,Clipper Jet,,ORO
533,CM Airlines,CC,OMT
534,CMA CGM AirCargo,2C,CMA
535,Coastal Aviation,CQ,CSV
536,Cobalt Air,CO,FCB
537,Cobham Aviation,NC,JTE
538,Cobham Aviation Services Australia,,NJS
539,Cobham Flight Inspection,,CLB
540,Colorful GuiZhou Airlines,GY,CGZ
541,Comlux Aruba,CS,CXB
542,Comlux Aviation,,CLA
543,Comlux Aviation Malta,,MLM
544,CommutAir,C5,UCA
545,Compagnia Aeronautica Italiana,,CPI
546,Compass Cargo Airlines,HQ,ADZ
547,Conair,,FGD
548,Condor,DE,CFG
549,Congo Airways,8Z,CGA
550,Connect Airlines,MW,WZM
551,Connect Linhas Aereas,6C,CNT
552,Conquest Air,C4,QAI
553,Constanta Airline,,UZA
554,Contour Aviation,LF,VTE
555,Conviasa,V0,VCV
556,Copa Airlines,CM,CMP
557,Copenhagen Airtaxi,,CAT
558,Corendon Airlines,XC,CAI
559,Corendon Airlines Europe,XR,CXI
560,Corendon Dutch Airlines,CD,CND
561,Corporate Air,,CPT
562,Corporate Air,,MLN
563,Corsair,SS,CRL
564,Costa Rica Green Airways,GW,GRA
565,Coulson Aviation,,CUL
566,Cristalux,Z7,AUZ
567,Croatia Airlines,OU,CTN
568,Cronos Airlines,C8,CRA
569,Cronos Airlines Benin,C9,CKL
570,CSA Air,,IRO
571,CSI Aviation,,CSI
572,Cubana,CU,CUB
573,Cygnus Air,,RGN
574,Cyprus Airways,CY,CYP
575,Czech Airlines,OK,CSA
576,Daallo Airlines,D3,DAO
577,Dalian Airlines,,CCD
578,Dan Air,,JOC
579,Dana Air,9J,DAN
580,Dassault Falcon Service,,DSO
581,DAT,DX,DTR
582,DAT LT,R6,DNU
583,DC Aviation,,DCS
584,DEA Aviation,,WKT
585,Deer Jet,,DER
586,Deer Jet Beijing,,BDJ
587,Delta Air Lines,DL,DAL
588,Delta Private Jets,,DPJ
589,Dena Airways,D9,DAI
590,Denim Air,G6,DNM
591,Deraya,,DRY
592,Desert Jet,,DJR
593,Dexter Air Taxi,,DXT
594,DHL,D0,DHK
595,DHL Aero Expreso,D5,DAE
596,DHL Air Austria,Q7,DHA
597,DHL Aviation EEMEA,ES,DHX
598,Diamond Sky,,DMS
599,Divi Divi Air,3R,DVR
600,Dniproavia,,UDN
601,Donghai Airlines,DZ,EPA
602,Dornier Aviation Nigeria Aiep,DO,DAV
603,Douniah Airlines,DH,DTS
604,DragonFly Executive,,CBM
605,Dreamline Aviation,,DLX
606,DRF Luftrettung,1I,AMB
607,Druk Air,KB,DRK
608,Dubai Air Wing,,DUB
609,E+S Air,,CAH
610,E-Aviation,,EFD
611,E-Cargo Airlines,RF,ERF
612,EADS CASA,,AED
613,Eagle Air,,EGU
614,Eagle Air Iceland,,FEI
615,Eagle Atlantic Airlines,,EAB
616,Eagle Creek Aviation,,EGC
617,EagleMed,,EMD
618,East Coast Jets,,ECJ
619,East-West Express,,EWU
620,Eastar Jet,ZE,ESR
621,Eastern Airlines,2D,EAL
622,Eastern Airways,T3,EZE
623,Eastern Australia Airlines,,EAQ
624,Easy Charter,RD,LOL
625,EasyFly,VE,EFY
626,easyJet,U2,EZY
627,easyJet Europe,EC,EJU
628,easyJet Switzerland,DS,EZS
629,EATIS,,SRK
630,Eclair Aviation,,ECC
631,ECO Airlines,,EKO
632,EcoJet,8J,ECO
633,Edelweiss Air,WK,EDW
634,EGT Jet,,EGT
635,EgyptAir,MS,MSR
636,EgyptAir Cargo,,MSX
637,EJM Europe,,JME
638,El Al,LY,ELY
639,Electra Airways,,EAF
640,Elifriulia,,EFG
641,Elilombarda,,EOA
642,Eliossola,,EOS
643,Elitaliana,,ELA
644,Elitavia,,EAV
645,Elitavia Malta,MA,EAU
646,Elite Air,,ELZ
647,Elite Airways,7Q,MNU
648,Elitellina,,FGS
649,Embraer,,EMB
650,Emerald Airlines,EA,EAI
651,Emerald Airlines UK,,EAG
652,Emetebe.com.ec,,EMT
653,Emirates,EK,UAE
654,Emirates Flight Training Academy,,EFC
655,Emperor Aviation,,EMM
656,Empire Airlines,EM,CFS
657,Empire Aviation,,MJE
658,Empyreal Jet,,RLJ
659,ENAC Ecole Aviation Civile,,NAK
660,Encore Air Cargo,,DKT
661,Endeavor Air,9E,EDV
662,Enter Air,E4,ENT
663,Envoy Air,MQ,ENY
664,Epsilon Aviation,,GRV
665,Equair,HN,EQX
666,Estafeta,E7,ESF
667,Estelar,ES,ETR
668,ETF Airways,LI,EZZ
669,Ethiopian Airlines,ET,ETH
670,Etihad Airways,EY,ETD
671,Euro Link,,EUL
672,Euro-Asia Air,5B,EAK
673,EuroAtlantic Airways,YU,MMZ
674,Eurocopter Deutschland,,RDF
675,European Air Charter,H6,BUC
676,European Air Transport,QY,BCS
677,European Cargo,,URO
678,European Flight Academy,,PTO
679,European Flight Service,,EUW
680,European Flyers,,FYS
681,European SAO,,EKT
682,Eurowings,EW,EWG
683,Eurowings Austria,E2,EWE
684,Eurowings Discover,4Y,OCN
685,Eurowings Europe,E6,EWL
686,EVA Air,BR,EVA
687,Everts Air Alaska,5V,VTS
688,EWA Air,ZD,EWR
689,Excellent Air,,ECA
690,Execuflight,,EFT
691,Execujet Middle East,,EJO
692,Execujet Scandinavia,,VMP
693,Executive Jet Charter,,EXJ
694,Executive Jet Management,,EJM
695,Exploits Valley Air Services,8K,EVS
696,Express Air Cargo,7A,XRC
697,Express Freighters Australia,QE,EFA
698,ExpressJet Airlines,XE,BTA
699,Exxaero,,XRO
700,EZ Air,7Z,EZR
701,Eznis Airways,MG,EZA
702,FAI rent-a-jet,,IFA
703,Far Eastern Air Transport,FE,FEA
704,Fast Air,,PBR
705,Fastjet Zimbabwe,FN,FJW
706,FedEx,FX,FDX
707,Fenix Air Charter,,FNX
708,Feuerwehr-Flugdienst Niedersachsen,,FFD
709,Fiji Airways,FJ,FJI
710,Fiji Link,,FJA
711,Finistair,,FTR
712,Finnair,AY,FIN
713,FinnHEMS,,FIH
714,Firefly,FY,FFM
715,First Air,7F,FAB
716,First Nation Airways,,FRN
717,FitsAir,8D,EXV
718,Flair Airlines,F8,FLE
719,Fleet Air International,,FRF
720,Flexflight,W2,FXT
721,Flexjet,,LXJ
722,Flexjet Europe,,FLJ
723,Flexjet Operations Malta,,FJO
724,Flight Calibration Services,,FCK
725,Flight Calibration Services,,VOR
726,Flight options,,OPT
727,Flight Training Europe,,AYR
728,FlightExec,,FEX
729,Flightline,,FTL
730,Flightlink,YS,FLZ
731,Flightpath Charter Airways,,KNT
732,Fltplan,,DCM
733,Flugfelag Islands,NY,FXI
734,Fly 7,,FSF
735,Fly Across,,ACW
736,Fly Air41,,BER
737,Fly AllWays,8W,EDR
738,Fly Angola,EQ,FLA
739,Fly Armenia Airways,VF,FBB
740,Fly Art,T2,FLB
741,Fly Baghdad,IF,FBA
742,Fly Gangwon,4V,FGW
743,Fly Jamaica,OJ,FJM
744,Fly Jinnah,9P,FJL
745,Fly Jordan,F0,FJR
746,Fly Oya,YI,OYA
747,Fly Pro,FP,PVV
748,Fly SAX,,EXZ
749,Fly Sky Airlines,,FSQ
750,Fly Sky Airlines,,FSU
751,Fly Tyrol,,FTY
752,Fly2Sky,F6,VAW
753,Fly540,5H,FFV
754,Flyadeal,F3,FAD
755,FlyArna,G6,ACY
756,Flybe,BE,BEE
757,FlyBig,S9,FLG
758,Flybondi,FO,FBZ
759,FlyBosnia,6W,FBS
760,FlyDamas,4J,FDK
761,FlyDubai,FZ,FDB
762,FlyEgypt,FT,FEG
763,flyExclusive,,JRE
764,FlyGTA Airlines,SX,TOR
765,Flying Business Aviation,,FBX
766,Flying Service,,FYG
767,FlyMe,VP,VQI
768,FlyMontserrat,5M,MNT
769,Flynas,XY,KNE
770,FlyOne,5F,FIA
771,FlyOne Armenia,3F,FIE
772,FlyPelican,FP,FRE
773,Flyr,FS,FOX
774,FlySafair,FA,SFR
775,FlySchool,,FSM
776,FR Aviation,,FRA
777,Freebird Airlines,FH,FHY
778,Freebird Airlines Europe,MI,FHM
779,Freedom Airline Express,4F,FDT
780,Freight Runners Express,,FRG
781,French Bee,BF,FBU
782,Frontier,F9,FFT
783,Fuji Dream Airlines,JH,FDA
784,Fuzhou Airlines,FU,FZA
785,GainJet,,GNJ
786,Galistair Infinite Aviation,GT,GTR
787,Gama Aviation,,GMA
788,Gama Aviation Cayman,,GKY
789,Gama Aviation UAE,,GSH
790,Garuda Indonesia,GA,GIA
791,Gazpromavia,4G,GZP
792,General Atomic AeroTech Systems,,DOR
793,Genex,,GNX
794,Genghis Khan Airlines,9D,NMG
795,Geo Sky Airline,,GEL
796,Georgian Airlines,GH,IGT
797,Georgian Airways,A9,TGZ
798,German Airways,ZQ,GER
799,Germany - Air Ambulance,,CHX
800,Gesellschaft Fur Flugzieldarstellung,,GFD
801,Gestair,,GES
802,Gestair Aviation Malta,,GSM
803,GetJet Airlines,GW,GJT
804,Getjet Airlines Latvia,,DML
805,Ghadames Air Transport,NJ,GMS
806,Global Air Charters,,GJE
807,Global Air Transport,5S,GAK
808,Global Airways,,GBL
809,Global Jet Luxembourg,,SVW
810,Global Supply Systems,,GSS
811,Global X,G6,GXA
812,GlobeAir,,GAC
813,Go First,G8,GOW
814,GoJet ,G7,GJS
815,GOL Linhas Aereas,G3,GLO
816,Goldeck Flug,,GDK
817,Golden Myanmar Airlines,Y5,GMR
818,Gouvernement du Quebec,,QUE
819,GP Aviation,IV,GPX
820,Grafair,,GFM
821,Grand Canyon Airlines,YR,CVU
822,Grand China Air,CN,GDC
823,Grant Aviation,GV,GUN
824,Greater Bay Airlines,HB,HGB
825,Green Africa Airways,Q9,GWG
826,Greybird Aviation,,GAG
827,GTA Air,,GTX
828,Gulf Air,GF,GFA
829,Gulf and Caribbean Cargo,IF,TSU
830,Gulf Wings,,GWC
831,GullivAir,G2,GBG
832,Guna Airlines,,GUA
833,GX Airlines,GX,CBG
834,Hahn Air,HR,HHN
835,Hai Au Aviation,,HAI
836,Hainan Airlines,HU,CHH
837,Hala Air,HG,HTP
838,Hangar 8,,HGR
839,Hans Airways,,GKS
840,Harmony Jets,,HMJ
841,Hawaiian Airlines,HA,HAL
842,Hebei Airlines,NS,HBH
843,Heli Air Monaco,YO,MCM
844,Heli Air Services,,HLR
845,Heli Holland,,HHE
846,Heli Securite,,HLI
847,Heli Service International,,HSO
848,Héli-Union,,HLU
849,Helicol,,HEL
850,Helijet International,,JBA
851,Helistar,,HTS
852,Helistar,,HSR
853,Helitrans,,HDR
854,HELITY Copter Airlines,,HTY
855,Hello Jets,H3,HLJ
856,Helvetic Airways,2L,OAW
857,Hera Flight,,HER
858,Hermes Airlines,H3,HRM
859,Heron Aviation,,HRN
860,Heston Airlines,HN,HST
861,Hi Air,4H,HGG
862,Hi Fly,5K,HFY
863,Hi Fly Malta,3L,HFM
864,Hibernian Airlines,HG,HBN
865,Himalaya Airlines,H9,HIM
866,Hinterland Aviation,OI,HND
867,HiSky,H7,HYM
868,HiSky Europe,H4,HYS
869,Hokkaido Air System,,NTH
870,Hong Kong Air Cargo,RH,HKC
871,Hong Kong Airlines,HX,CRK
872,Hong Kong Express,UO,HKE
873,Hop-A-Jet,,HPJ
874,Horizon Air,QX,QXE
875,HTM Helicopter Travel Munich,,HTM
876,Hummingbird Aviation,,ETI
877,Hunnu Air,MR,MML
878,Hydro Quebec,0Q,HYD
879,Hyperion Aviation,,HYP
880,I-Fly,F7,RSY
881,iAero Airways,WQ,SWQ
882,IBC Airways,II,CSQ
883,Iberia,IB,IBE
884,Iberia Express,I2,IBS
885,Iberojet,E9,EVE
886,Ibex Airlines,FW,IBX
887,Ibom Air,QI,IAN
888,Icaro,X8,ICD
889,Icelandair,FI,ICE
890,ICS-Aero,,ICF
891,IFL Group,,IFL
892,Image Air Charter,,BMG
893,ImperialJet,,JTI
894,IndiaOne Air,I7,IOA
895,IndiGo,6E,IGO
896,Indonesia AirAsia,QZ,AWQ
897,iNTAIRLINE,,ITI
898,Intel Air Shuttle,,HGT
899,InterCaribbean Airways,JY,IWY
900,InterJet West,K8,IJW
901,International Committee of the Red Cross,,RED
902,International Jet Management,,IJM
903,InterSky,3L,ISK
904,IrAero,IO,IAE
905,Iran Air,IR,IRA
906,Iran Airtour,B9,IRB
907,Iran Aseman Airlines,EP,IRC
908,Iraq Gate Company,,IGC
909,Iraqi Airways,IA,IAW
910,IRS Airlines,,LVB
911,Israir Airlines,6H,ISR
912,ITA Airways,AZ,ITY
913,Italfly,,ITL
914,iXAir,,IXR
915,Izair,4I,IZM
916,Izhavia,I8,IZA
917,JA Air Charter,,LTD
918,JAL Express,JC,JEX
919,Jambojet,JM,JMA
920,Japan Air Commuter,3X,JAC
921,Japan Airlines,JL,JAL
922,Japan Transocean Air,NU,JTA
923,Jasmin Airways,JO,JAW
924,Jazeera Airways,J9,JZR
925,Jazz Aviation,QK,JZA
926,JC Airlines,QD,JCC
927,JC Bamford Excavators,,JCB
928,Jeju Air,7C,JJA
929,Jet Airways,9W,JAI
930,Jet Asia Airways,JF,JAA
931,Jet Aviation Business Jets,PP,PJS
932,Jet Aviation Flight Services,,JAS
933,Jet Charter,N2,JCT
934,Jet Edge,,EDG
935,Jet Executive,,JEI
936,Jet Express,,RFE
937,Jet Fly Airline,,JFL
938,Jet It,,JIT
939,Jet Linx Aviation,,JTL
940,Jet Logistics,,JLG
941,Jet Story,,JDI
942,Jet Test International,,JTN
943,Jet2,LS,EXS
944,Jetair Caribbean,4J,JRC
945,Jetalliance East,,PLS
946,Jetbee Czech,,JBC
947,JetBlue Airways,B6,JBU
948,Jetcall,,JCL
949,Jetclub,0J,JCS
950,Jetconnect,,QNZ
951,JetFlite,,JEF
952,Jetfly Aviation,,JFA
953,Jetkontor,,JKH
954,jetlines,AU,CJL
955,JetLite,S2,JLL
956,JetNetherlands,,JNL
957,JetRight,,JRT
958,JetSMART,JA,JAT
959,JetSMART Argentina,WJ,JES
960,JetSMART Peru,JZ,JAP
961,Jetstar,JQ,JST
962,Jetstar Asia,3K,JSA
963,Jetstar Japan,GK,JJP
964,JetStream,,JSH
965,JetStream Charter,,VTB
966,Jetsuite Air,,RSP
967,Jettime,,JTD
968,Jetways Airlines,WU,JWX
969,Jhonlin Air Transport,,JLB
970,Jiangsu Jingdong Cargo Airlines,JG,JDL
971,Jiangxi Air,RY,CJX
972,Jiangxi Express Commuter Aviation,,KXA
973,Jin Air,LJ,JNA
974,Jinxiang Airlines,,JXX
975,Jivair,,JIV
976,Jonair,,JON
977,Jonika,,JNK
978,Jordan Aviation,R5,JAV
979,Jordan International Air Cargo,,JCI
980,JoyAir,JR,JOY
981,JSX,XE,JSX
982,Jubba Airways,3J,JBW
983,Jump Air,,JUP
984,Juneyao Air,HO,DKH
985,Jung Sky,,JSY
986,K-Mile Air,8K,KMI
987,K5-Aviation Germany,,KAY
988,KaiserAir,,KAI
989,Kalitta Air,K4,CKS
990,Kalitta Charters,K9,KFS
991,Kalitta Charters II,K5,KII
992,Kam Air,RQ,KMF
993,Kamaka Air,,KMK
994,Kan Air,K8,KND
995,KAP.kg,AB,KGS
996,Kargo Xpress,WW,KXP
997,Kartika Airlines,3Y,KAE
998,Karun Airlines,,KRU
999,KD Air,,KDC
1000,Keewatin Air,FK,KEW
1001,Kelowna Flightcraft Air,FK,KFA
1002,Kenmore Air,M5,KEN
1003,Kenn Borek Air,4K,KBA
1004,Kenya Airways,KQ,KQA
1005,Key Air,,KEY
1006,Key Lime Air,KG,LYM
1007,Keystone Air Service,,KEE
1008,KhabAvia,,KHF
1009,Khors Air,,KHO
1010,Kish Air,,KIS
1011,KlasJet,,KLJ
1012,KLM,KL,KLM
1013,KLM Cityhopper,WA,KLC
1014,KN Helicopters,,SHW
1015,Komiaviatrans,KO,KMA
1016,Korean Air,KE,KAL
1017,Kosmos Airlines,,KSM
1018,Krasavia,KV,SSJ
1019,Kudlik Aviation,,KUK
1020,Kunming Airlines,KY,KNA
1021,Kuwait Airways,KU,KAC
1022,La Compagnie,B0,DJT
1023,La Costena,,NIS
1024,Labcorp,,SKQ
1025,LADE,5U,LDE
1026,LAM,TM,LAM
1027,Lanmei Airlines,LQ,MKR
1028,Lao Airlines,QV,LAO
1029,Lao Skyway,LK,LLL
1030,LAS Cargo,4L,LAU
1031,Laser Airlines,QL,LER
1032,LATAM Airlines,LA,LAN
1033,LATAM Brasil,JJ,TAM
1034,LATAM Cargo,UC,LCO
1035,LATAM Cargo Brasil,M3,LTG
1036,LATAM Cargo Colombia,L7,LAE
1037,LATAM Chile,LU,LXP
1038,LATAM Colombia,4C,ARE
1039,LATAM Ecuador,XL,LNE
1040,LATAM Paraguay,PZ,LAP
1041,LATAM Peru,LP,LPE
1042,Lauda Europe,LW,LDA
1043,LC Peru,W4,LCB
1044,Leader,,LSA
1045,Leav Aviation,KK,NGN
1046,Legacy Airways,,LGF
1047,Legend Airlines,,LAL
1048,Legends Airways,,DVY
1049,LIAT,LI,LIA
1050,Libyan Airlines,LN,LAA
1051,Libyan Wings,YL,LWA
1052,Liebherr Aerospace,,LHB
1053,Lift,GE,GBB
1054,Limitless Airways,,LIM
1055,Línea Turística Aereotuy,,TUY
1056,Lion Air,JT,LNI
1057,Lipican Aer,,LIP
1058,LLC H3Operations,,UHO
1059,Loganair,LM,LOG
1060,LongJiang Airlines,LT,SNG
1061,Longtail Aviation,6T,LGT
1062,Loong Air,GJ,CDC
1063,LOT,LO,LOT
1064,Lucky Air,8L,LKE
1065,Lufthansa,LH,DLH
1066,Lufthansa Cargo,,GEC
1067,Lufthansa CityLine,CL,CLH
1068,Lufttransport,,LTR
1069,Lumiwings,L9,LWI
1070,Lunds Universitet,,UNY
1071,Luxair,LG,LGL
1072,Luxaviation,,LXA
1073,Luxaviation Belgium,,AAB
1074,Luxaviation E.A,,LMJ
1075,Luxaviation Germany,,LXG
1076,Luxaviation UK,,LNX
1077,Luxembourg Air Ambulance,,LRQ
1078,Luxwing,BN,LWG
1079,Lydd Air,,LYD
1080,Lynden Air Cargo,L2,LYC
1081,Lynx Air,Y9,DAT
1082,MAE Aircraft Management,MA,MEN
1083,Maersk Air Cargo,DJ,SRR
1084,Magnicharters,UJ,GMT
1085,Mahan Air,W5,IRM
1086,Makers Air,,WMA
1087,Malawian Airlines,3W,MWI
1088,Malaysia Airlines,MH,MAS
1089,Maldivian,Q2,DQA
1090,Maleth-Aero,DB,MLT
1091,Mali Air,,MAE
1092,Malta Air,,MAY
1093,Malta MedAir,MT,MMO
1094,Manasik Aviation,XN,MNM
1095,Mandarin Airlines,AE,MDA
1096,Mann Yadanarpon Airlines,7Y,MYP
1097,Manta Air,NR,MAV
1098,Map Linhas Aereas,7M,PAM
1099,Marathon Airlines,,MTO
1100,Martinair Holland,MP,MPH
1101,Martinaire,,MRA
1102,mas,M7,MAA
1103,MASwings,MY,MWG
1104,Mauritania Airlines International,L6,MAI
1105,Mavi Gök Airlines,4M,MGH
1106,Max Air,VM,NGL
1107,Max Aviation,,MAX
1108,Maxair,,NTW
1109,Maximus Airlines,6M,MXM
1110,Maya Island Air,2M,MYD
1111,MAYAir,7M,MYI
1112,McCall Aviation,,MKL
1113,McNeely Charter Services,,MDS
1114,MEA,ME,MEA
1115,Med-View Airline,VL,MEV
1116,Medavia,,MDM
1117,Mel Air,5M,MDO
1118,Meraj Airlines,,MRJ
1119,Mercury Air Cargo,4X,MEC
1120,Meridian,,MEM
1121,Meridian Air Company,,MMM
1122,Mesa Airlines,YV,ASH
1123,MHS Aviation,M2,MHV
1124,Miami Air International,LL,BSK
1125,Miami Air Lease,,MGD
1126,MIAT Mongolian Airlines,OM,MGL
1127,Mid Africa Aviation,,MFG
1128,Midwest Aviation,,DZR
1129,Midwest Aviation Division,,MWT
1130,MJet,,MJF
1131,MNG Airlines,MB,MNB
1132,Moçambique Expresso,,MXE
1133,Modern Logistics,WD,MWM
1134,Monacair,QM,MCR
1135,Morningstar Air Express,,MAL
1136,Motor Sich Airlines,M9,MSI
1137,Mount Cook Airline,NM,NZM
1138,Mountain Air Cargo,,MTN
1139,Mountain Aviation,,FTH
1140,Mountain Flyers,,MFB
1141,Move,,MVE
1142,Multiflight,,MFT
1143,My Indo Airlines,2Y,MYU
1144,My Jet Saver,,MJS
1145,MY Jet Xpress Airlines,N7,NEP
1146,MYAirline,Z9,MYM
1147,Myanmar Airways International,8M,MMA
1148,Myanmar National Airlines,UB,UBA
1149,MyWay Airlines,MJ,MYW
1150,Naljets Limited,,APX
1151,Nam Air,IN,LKN
1152,Nantucket Airlines,,ACK
1153,National Air Charters,JY,JYA
1154,National Airlines,N8,NCR
1155,National Airways,9Y,NAE
1156,National Airways Corporation,,NTN
1157,National Jet Systems,,QJE
1158,Nauru Airlines,ON,RON
1159,Naysa,ZN,NAY
1160,Neos,NO,NOS
1161,Nepal Airlines,RA,RNA
1162,Nesma Airlines,NE,NMA
1163,NetJets,1I,EJA
1164,NetJets Europe,,NJE
1165,Netjets UK,,NJU
1166,Network Aviation,,NWK
1167,New England Airlines,EJ,NEA
1168,New England Patriots,,UDG
1169,NHC Northern Helicopter,,NHC
1170,NHV,,NHD
1171,NHV Helicopters,,NHZ
1172,Nicholas Air,,JTZ
1173,NightExpress,,EXT
1174,Nile Air,NP,NIA
1175,Nippon Cargo Airlines,KZ,NCA
1176,Nok Air,DD,NOK
1177,Nolinor Aviation,N5,NRL
1178,Nomad Aviation,,NUM
1179,Nomadic Aviation,,OMD
1180,Noordzee Helikopters Vlaanderen,,NHX
1181,Nordic Unmanned,,NOU
1182,Nordica,ND,NDA
1183,NordStar,Y7,TYA
1184,Nordwind Airlines,N4,NWS
1185,Norlandair,,FNA
1186,NORRA,N7,FCM
1187,Norse Atlantic Airways,N0,NBT
1188,Norse Atlantic UK,Z0,UBT
1189,Norsk Luftambulanse,,DOC
1190,North Cariboo Air,,NCB
1191,North Central,,NCJ
1192,North Flying,,NFA
1193,North Pole Parcel Service,,R3D
1194,North Star Aviation,,MVK
1195,North-West Air Company,0E,NWC
1196,North-Western Cargo International Airlines,CO,CNW
1197,North-Wright Airways,HW,NWL
1198,Northeastern Aviation Corporation,,NEW
1199,Northern Air,,NLI
1200,Northern Air Cargo,NC,NAC
1201,Northern Jet Management,,NJM
1202,Northern Thunderbird Air,,NTA
1203,Northway Aviation,,NAL
1204,Northwest Flyers,,NWF
1205,Northwestern Air,J3,PLR
1206,Norwegian,,NAX
1207,Norwegian Air Shuttle AOC,DY,NOZ
1208,Norwegian Air Sweden AOC,D8,NSZ
1209,Nouvelair Tunisie,BJ,LBT
1210,Nova Airways,,NOV
1211,Novair,NG,NAI
1212,Novair,N9,NVR
1213,NovaJet,,NOJ
1214,Novoair,VQ,NVQ
1215,Nxt Jet,,KPO
1216,Nyxair,OJ,NYX
1217,OK Aviation Group,,NTF
1218,Okay Airways,BK,OKA
1219,Olympic Air,OA,OAL
1220,Olympus Airways,,OLY
1221,Oman Air,WY,OMA
1222,Omni Air International,OY,OAE
1223,Omni Air Transport,,DRL
1224,Omni Aviation,,OAV
1225,Omni Taxi Aereo,,OMI
1226,One Air,,HGO
1227,One Airways,OX,OEW
1228,Open Skies,LV,BOS
1229,Orbest,6O,OBS
1230,Orenburzhye,O7,ORG
1231,Oriental Air Bridge,OC,ORC
1232,Origin Air,OG,OGN
1233,Ornge Air,,PUL
1234,Oscar Jet,,OSJ
1235,OSM Aviation Academy,,SCQ
1236,OTT Airlines,JF,OTT
1237,Overland Airways,OF,OLA
1238,Oxford Aviation Academy,,OXF
1239,Oyonnair,,OYO
1240,Paccair,,WIS
1241,Pacific Airlines,BL,PIC
1242,Pacific Coast Jet,,PXT
1243,Pacific Coastal Airlines,8P,PCO
1244,PADAviation,,PVD
1245,Pakistan International Airlines,PK,PIA
1246,PAL Aerospace,,SPR
1247,PAL Airlines,PB,PVL
1248,PAL Express,2P,GAP
1249,Palau Express Airlines,P9,PXC
1250,Palau National Airlines,4L,PNA
1251,Pan American Airways,PN,PAA
1252,Pan Europeenne Air Service,,PEA
1253,Pan Pacific Airlines,8Y,AAV
1254,Panaviatic,,VPC
1255,Panellenic Airlines,,RJB
1256,Panorama Aviation,,PNO
1257,Paranair,ZP,AZP
1258,Pascan Aviation,P6,PSC
1259,PassionAir,OP,DIG
1260,Patient Airlift Services,,PLZ
1261,Patria Pilot Training,,PPT
1262,PAWA Dominicana,7N,PWD
1263,Peach,MM,APJ
1264,Pegas Fly,EO,KAR
1265,Pegasus Airlines,PC,PGT
1266,Pegasus Elite Aviation,,PEG
1267,Pel-Air,,PFY
1268,Pelita Air,IP,PAS
1269,People's,PE,PEV
1270,Performance Air,,PRZ
1271,Perimeter Aviation,YP,PAG
1272,Petroleum Air Service,UF,PER
1273,Petropavlovsk-Kamchatsky Air,,PTK
1274,PHI,,PHM
1275,Philippine Airlines,PR,PAL
1276,Philippines AirAsia,Z2,APG
1277,Phoenix Air,PH,GRB
1278,Piedmont Airlines,PT,PDT
1279,Pilatus Flugzeugwerke,,PCH
1280,Pilot Flight Academy,,PIP
1281,Pineapple Air,,PNP
1282,Pink Sparrow,,SOW
1283,Pionair Australia,,SFZ
1284,Pivot Airlines,ZX,GGN
1285,PixAir Survey,,PXR
1286,Planemaster Services,,PMS
1287,PlaneSense,,CNS
1288,Play,OG,FPY
1289,Plus Ultra,PU,PUE
1290,PNG Air,CG,TOK
1291,Pobeda,DP,PBD
1292,Polar Air Cargo,PO,PAC
1293,Polar Airlines,PI,RKA
1294,Polish Medical Air Rescue,,LPR
1295,Porter Airlines,PD,POE
1296,Portugalia Airlines,NI,PGA
1297,Poste Air Cargo,M4,MSA
1298,Pradhaan Air Express,6P,PRX
1299,Pratt and Whitney,,PWC
1300,Precision Air,PW,PRF
1301,Premier Private Jets,,MVP
1302,Presidential Aviation,,PRD
1303,Priester Aviation,,PWA
1304,Prime Aviation.,,PKZ
1305,Prince Aviation,,PNC
1306,Priority Air Charter,,PRY
1307,Privaira,,PVO
1308,Private Jets,,OKC
1309,Private Wings,8W,PWF
1310,Privilege Style,P6,PVG
1311,ProAir Aviation,,PAV
1312,Proflight Zambia,P0,PFZ
1313,Propair,,PRO
1314,PSA Airlines,OH,JIA
1315,QA Aviation,,QAV
1316,Qanot Sharq,HH,QNT
1317,Qantas,QF,QFA
1318,QantasLink,,QLK
1319,Qatar - Amiri Flight,,QAF
1320,Qatar Airways,QR,QTR
1321,Qatar Executive,QE,QQE
1322,Qazaq Air,IQ,QAZ
1323,Qeshm Airlines,QB,QSM
1324,QinetiQ,,EIS
1325,QinetiQ / Empire Test Pilots School,,ETP
1326,Qingdao Airlines,QW,QDA
1327,Qingdao Jiutian International Flight Academy,,QJT
1328,Quest Diagnostics,,LBQ
1329,Quick Air Jet Charter,,QAJ
1330,Quikjet Cargo Airlines,QO,FQA
1331,RAF-Avia,MT,MTL
1332,RAM Express,,RXP
1333,Ravenair,,RVR
1334,Ravn Alaska,7H,RVF
1335,Raya Airways,TH,RMY
1336,Rayani Air,RN,RKT
1337,Reach Air Medical Services,,REH
1338,Real Tonga Airline,,RLT
1339,Rectimo Air Transports,,RTO
1340,Rectrix Aviation,,RIX
1341,Red Air,L5,REA
1342,Red Sea Airlines,,RSX
1343,Red Wing Aviation,,LAK
1344,Red Wings,WZ,RWZ
1345,Redding Aero Enterprises,,BXR
1346,Redstar Aviation,,RHH
1347,REGA Swiss Air-Ambulance,,RGA
1348,Regency Air,,RGY
1349,Regent Airways,RX,RGE
1350,Regional,YS,RAE
1351,Regional Air Services,8N,REG
1352,Rennia Aviation,,RNI
1353,Republic Airways,YX,RPA
1354,Rex,ZL,RXA
1355,RGA-Black Stone Airlines,,RGM
1356,Rhoades Aviation,T4,RDS
1357,Richland Aviation,,RCA
1358,Rimbun Air,RI,OEY
1359,Rise Air,4T,WEW
1360,ROMCargo Airlines,NJ,RCR
1361,Roraima Airways,,ROM
1362,Rose Air,,REM
1363,Rossiya,FV,SDM
1364,Rossiya - Special Flight Squadron,,RSD
1365,Rotana Jet,RG,RJD
1366,Royal Air Freight,,RAX
1367,Royal Air Maroc,AT,RAM
1368,Royal Brunei Airlines,BI,RBA
1369,Royal Falcon,,RFJ
1370,Royal Jordanian,RJ,RJA
1371,Royal Wings,JO,RYW
1372,Royalair Philippines,RW,RYL
1373,Rubystar,,RSB
1374,Ruili Airlines,DR,RLH
1375,Sunlight Air,2R,RLB
1376,Rusline,7R,RLU
1377,Russia - Ministry of Emergency Situations (MChS),,SUM
1378,Rutaca Airlines,5R,RUC
1379,RVL Aviation,,REV
1380,RwandAir,WB,RWD
1381,RWL German Flight Academy,,RWL
1382,Ryan Air (USA),7S,RYA
1383,Ryanair,FR,RYR
1384,Ryanair UK,RK,RUK
1385,Ryukyu Air Commuter,,RAC
1386,S7 Airlines,S7,SBI
1387,SA Express,XZ,EXY
1388,SA Red Cross Air Mercy Service,,AMD
1389,SAAB Aircraft,,SCT
1390,SAAB Nyge Aero,,TGT
1391,SAF Helicopteres,,SHP
1392,Safari Express Cargo,ZF,SXY
1393,Safarilink Aviation,F2,XLK
1394,Safi Airways,4Q,SFW
1395,Saha Airlines,,IRZ
1396,Sahel Aviation Service,,SAO
1397,SalamAir,OV,OMS
1398,Salzburg Jet Aviation,,MOZ
1399,Samoa Airways,OL,PAO
1400,San Marino Executive Aviation,,SMF
1401,Sansa,,LRS
1402,Sapsan Airline,S2,KGB
1403,Sardinian Sky Service,,SSR
1404,SAS,SK,SAS
1405,SAS Connect,SL,SZS
1406,SAS Link,,SVS
1407,SATA Air Acores,SP,SAT
1408,Satena,9R,NSE
1409,Saudia,SV,SVA
1410,Saurya Airlines,,SAU
1411,Sawyer Aviation,,SJA
1412,SaxonAir,,SXN
1413,SBA Airlines,S3,BBR
1414,Scanwings,,ABF
1415,SCAT,DV,VSV
1416,Scoot,TR,TGW
1417,Seaborne,BB,SBS
1418,SEair International,XO,SGD
1419,SeaPort Airlines,K5,SQH
1420,Searca,,SRC
1421,Secure Air Charter,,JCM
1422,Sepehran Airlines,IS,SHI
1423,Serene Air,ER,SEP
1424,Servizi Aerei,,SNM
1425,Sevenair,,RVP
1426,Severstal Aircompany,D2,SSF
1427,SF Airlines,O3,CSS
1428,Shandong Airlines,SC,CDG
1429,Shanghai Airlines,FM,CSH
1430,Shenzhen Airlines,ZH,CSZ
1431,Shirak Avia,5G,SHS
1432,Shovkoviy Shlyah,S8,SWW
1433,Shree Airlines,N9,SHA
1434,Shuttle America,S5,TCF
1435,Siam General Aviation,5E,SGN
1436,Sichuan Airlines,3U,CSC
1437,Sideral Linhas Aereas,,SID
1438,Sierra Pacific Airlines,SI,SPA
1439,Sierra West Airlines,P8,PKW
1440,Silesia Air,,SUA
1441,Silk Way Airlines,ZP,AZQ
1442,Silk Way West Airlines,7L,AZG
1443,Silver Air,,SIS
1444,Silver Air,,SLD
1445,Silver Airways,3M,SIL
1446,Silver Cloud Air,,SCR
1447,Silverhawk Aviation,,SLH
1448,Silverstone Air Services,,SLR
1449,Simrik Airlines,,RMK
1450,Singapore Airlines,SQ,SIA
1451,Singapore Airlines Cargo,,SQC
1452,Sino Jet,,SJM
1453,Sino Jet Beijing,,JBE
1454,Sirio,,SIO
1455,Sirius Aero,SA,CIG
1456,SKS Airways,KI,SJB
1457,Sky Airline,H2,SKU
1458,Sky Airline Peru,H8,SKX
1459,Sky Angkor Airlines,ZA,SWM
1460,Sky Bus,,HVY
1461,Sky Cana,RD,SNA
1462,Sky Express,GQ,SEH
1463,Sky Gates Airlines,U3,SAY
1464,Sky Helicopteros,,HSY
1465,Sky High Aviation Services,DO,SHH
1466,Sky KG Airlines,,KGK
1467,Sky Lease Cargo,GG,KYE
1468,Sky Mali,ML,FML
1469,Sky Prime Aviation,UY,SPD
1470,Sky Quest,,ERY
1471,Sky Vision Airlines,,SVI
1472,Skyborne Airline Academy,,SFY
1473,Skybridge,,KYB
1474,Skybus,,IOS
1475,SkyCare,,PHX
1476,Skyfirst,,KFE
1477,SkyJet Airlines,M8,MSJ
1478,SkyLink Express,,SLQ
1479,Skymark Airlines,BC,SKY
1480,Skyservice Business Aviation,,SYB
1481,Skyside,,SKV
1482,Skytaxi,TE,IGA
1483,Skytrans,QN,SKP
1484,SkyUp Airlines,PQ,SQP
1485,Skyvalue Airways,4A,DYN
1486,Skyward Express,OW,SEW
1487,Skyway Enterprises,,SKZ
1488,SkyWest Airlines,OO,SKW
1489,Slam Lavori Aerei,,SLJ
1490,Sloane Helicopters,,SLN
1491,Smart Aviation,,SME
1492,Smart Jet,,SAH
1493,Smartavia,5N,AUL
1494,Smartline,,SMG
1495,SmartLynx,6Y,ART
1496,SmartLynx Estonia,,MYX
1497,SmartLynx Malta,,LYX
1498,Smartwings,QS,TVS
1499,Smartwings Hungary,7O,TVL
1500,Smartwings Poland,3Z,TVP
1501,Smartwings Slovakia,6D,TVQ
1502,Solairus Aviation,,TWY
1503,Solaseed Air,6J,SNJ
1504,Solenta Aviation,,SET
1505,Solid Air,,SOX
1506,Solinair,ZS,SOP
1507,Solomon Airlines,IE,SOL
1508,Somon Air,SZ,SMR
1509,Songbird Airways,6K,SGB
1510,Sounds Air,S8,SDA
1511,South African Airways,SA,SAA
1512,Southern Air Charter,PL,SOA
1513,Southern Airways Express,9X,FDY
1514,Southern Cross International,,SXI
1515,Southwest Airlines,WN,SWA
1516,Southwind Airlines,2S,STW
1517,Sparfell Luftfahrt,,LDX
1518,Specialist Aviation Services,,PLC
1519,Speedwings Executive Jet,,SPG
1520,SpiceJet,SG,SEJ
1521,Spirit Airlines,NK,NKS
1522,SpiritJets,,SJJ
1523,Spring Airlines,9C,CQH
1524,Spring Japan,IJ,SJO
1525,SprintAir,P8,SRN
1526,SprintAir Cargo,,SAR
1527,SR Jet,,QSR
1528,SriLankan Airlines,UL,ALK
1529,Sriwijaya Air,SJ,SJY
1530,St Barth Commuter,PV,SBU
1531,St Barth Executive,,STB
1532,STAjets,,KFB
1533,Star Air,S5,SDG
1534,Star Air Cargo,,BRH
1535,Star East Airlines,4R,SEK
1536,Star Peru,2I,SRU
1537,Star Wings,,STQ
1538,Star Work Sky,,SWP
1539,Starflyer,7G,SFJ
1540,Starlight Airlines,QP,SLT
1541,Starlink Aviation,Q4,TLK
1542,Starlite Aviation,,TRL
1543,Starlux,JX,SJX
1544,Sterling Aviation,,NSH
1545,STP Airways,8F,STP
1546,Suburban Air Freight,,SUB
1547,Sudan Airways,SD,SUD
1548,Summit Air,,SUT
1549,Sun Air,SO,SNR
1550,Sun Country Airlines,SY,SCX
1551,Sun-Air,EZ,SUS
1552,Sunair Aviation,ZU,SAV
1553,Sunclass Airlines,DK,VKG
1554,Suncor Energy,,JSN
1555,Sundair,SR,SDR
1556,Sundance Air Venezuela,,SUV
1557,Sundt Air,,AKK
1558,Sundt Air,,MDT
1559,SunExpress,XQ,SXS
1560,Sunkar Air,,BBK
1561,Sunrise Airways,S6,KSZ
1562,Sunstate Airlines,,SSQ
1563,Sunwest Aviation,,CNK
1564,Sunwing Airlines,WG,SWG
1565,Suparna Airlines,Y8,YZR
1566,Super Air Jet,IU,SJV
1567,Surf Air,,URF
1568,Surinam Airways,PY,SLM
1569,Surveillance Australia,,BDF
1570,Susi Air,,SQS
1571,Svenskt Ambulansflyg,,SWE
1572,Svenskt Industriflyg,,JET
1573,SVG Air,,SVD
1574,Sweden - Swedish Maritime Administration,,HMF
1575,Swift Copters,,WFC
1576,Swiftair,WT,SWT
1577,Swiftair Hellas,,MDF
1578,Swiss,LX,SWR
1579,Swiss Air-Ambulance,,SAZ
1580,Swiss Flight Services,,SFS
1581,Swiss Global Air Lines,LZ,SWU
1582,Swiss Helicopter,,HSI
1583,Swoop,WO,WSW
1584,SXM Airways,,SXM
1585,Sylt Air,7E,AWU
1586,Syncrude Canada,,SYN
1587,Syphax Airlines,FS,SYA
1588,Syrian Air,RB,SYR
1589,T'way Air,TW,TWB
1590,TAAG Angola Airlines,DT,DTA
1591,TAB Cargo,2L,BOL
1592,Taban Airlines,,TBN
1593,TAG Aviation,,VIP
1594,TAG Aviation Asia,,TBJ
1595,TAG Aviation Cayman,,TCJ
1596,TAG Aviation Malta,,TEU
1597,TAG Aviation San Marino,,TAG
1598,TagAirlines,5U,TGU
1599,Tailwind Air,TQ,PGN
1600,Tailwind Airlines,TI,TWI
1601,Tajik Air,7J,TJK
1602,Talon Air,,TFF
1603,Tanana Air Service,Z3,TNR
1604,Tandem-Aero,TQ,TDM
1605,TAP Air Portugal,TP,TAP
1606,Taquan Air,K3,TQN
1607,TAR Aerolineas,YQ,LCT
1608,Tarco Aviation,3T,TQQ
1609,Tarom,RO,ROT
1610,Tasman Cargo Airlines,HJ,TMN
1611,Tassili Airlines,SF,DTH
1612,Tatra JET,,TTJ
1613,Tbilisi Airways,TD,TBC
1614,TCA,N6,TZS
1615,Ten Airways,X5,OTJ
1616,Terra Avia,T8,TVR
1617,Texel Air,,XLR
1618,Tez Jet Airlines,,TEZ
1619,Thai AirAsia,FD,AIQ
1620,Thai AirAsia X,XJ,TAX
1621,Thai Airways,TG,THA
1622,Thai Eastar Jet,ZT,ESS
1623,Thai Lion Air,SL,TLM
1624,Thai Smile,WE,THD
1625,Thai VietJet Air,VZ,TVJ
1626,Thalair,,TLJ
1627,The Little Jet Company,,LJC
1628,Thomas Cook Airlines,MT,TCX
1629,Thomas Cook Aviation,H3,TCN
1630,Thrive,,TIV
1631,Thunder Airlines,,THU
1632,Tianjin Air Cargo,HT,CTJ
1633,Tianjin Airlines,GS,GCR
1634,Tibet Airlines,TV,TBA
1635,Tigerair Taiwan,IT,TTW
1636,Time Air,,TIE
1637,Titan Airways,ZT,AWC
1638,Titan Airways Malta,TM,TMT
1639,Toll Aviation,,TFX
1640,Total Linhas Aereas,L1,TTL
1641,Toyo Aviation,,TOY
1642,Trade Air,C3,TDR
1643,Tradewind Aviation,TJ,GPD
1644,Trans Air Congo,Q8,TSG
1645,Trans Am Aero Express del Ecuador,7T,RTM
1646,Trans Guyana Airways,,TGY
1647,Trans Island Airways,,GGT
1648,Trans Maldivian Airways,,TMW
1649,Transair,R2,GTS
1650,Transair,R9,MUI
1651,Transavia,HV,TRA
1652,Transavia France,TO,TVF
1653,Transaviabaltika,,KTB
1654,Transaviaexport Airlines,,TXC
1655,TransNusa,8B,TNU
1656,Travel Management Company,,TMC
1657,Tri-State Aero,,TSS
1658,Trigana Air,IL,TGN
1659,Tropic Air,9N,TOS
1660,Tropic Ocean Airways,TI,FTO
1661,Trujet,2T,TRJ
1662,Tsaradia,TZ,TDS
1663,TUI Airlines Belgium,TB,JAF
1664,TUI Airlines Netherlands,OR,TFL
1665,TUI Airways,BY,TOM
1666,TUI fly,X3,TUI
1667,TUI fly Nordic,6B,BLX
1668,TUM AeroCarga,,MCS
1669,Tunisair,TU,TAR
1670,Tunisair Express,UG,TUX
1671,Turkish Airlines,TK,THY
1672,Turkmenistan Airlines,T5,TUA
1673,Turkuaz Airlines,,TRK
1674,Turpial Airlines,T9,VTU
1675,Tus Airways,U8,CYF
1676,Twin Jet,T7,TJT
1677,Tyrol Air Ambulance,,TYW
1678,Tyrolean Jet Service Malta,,TYJ
1679,Tyrolean Jets & Services,,TJS
1680,UG Jet,,UGJ
1681,Uganda Airlines,UR,UGD
1682,UK Royal / VIP Flights,,KRF
1683,Ukraine Air Alliance,,UKL
1684,Ukraine International Airlines,PS,AUI
1685,Ukrainian Wings,,UWJ
1686,ULS Airlines Cargo,GO,KZU
1687,Ultimate Air Shuttle,UE,UJC
1688,Ultra Air,U0,ULS
1689,UNI Air,B7,UIA
1690,Uni-Fly,,UNC
1691,Uni-Top Airlines,UW,UTP
1692,Union Aviation,,UAG
1693,Unique Air,,UQA
1694,United Airlines,UA,UAL
1695,United Eagle,,UEE
1696,United Kingdom - Air Ambulance,,HLE
1697,United Nations,,UNO
1698,United Nigeria Airlines,U5,NUA
1699,United States - US Forest Service,,XCN
1700,Uniworld Air Cargo,U7,UCG
1701,UPS,5X,UPS
1702,UR Airlines,UD,UBD
1703,Ural Airlines,U6,SVR
1704,Urumqi Airlines,UQ,CUH
1705,US-Bangla Airlines,BS,UBG
1706,USA Jet Airlines,,JUS
1707,UTair,UT,UTA
1708,UVT Aero,RT,UVT
1709,Uzbekistan Airways,HY,UZB
1710,V Air,ZV,VAX
1711,Valair,,VVV
1712,Valljet,,VLJ
1713,ValueJet,VK,FVJ
1714,Van Air Europe,V9,VAA
1715,Vanilla Air,JW,VNL
1716,Varesh Airlines,,VRH
1717,Vasco,0V,VFC
1718,Venezolana,,VNE
1719,Veteran Airline,,VTF
1720,Veteran Airlines,,VPB
1721,VI Airlink,,VIL
1722,Via Air,,VID
1723,ViaAir,VC,SRY
1724,Victory Air,,FTN
1725,Vieques Air Link,V4,VES
1726,VietJet Air,VJ,VJC
1727,Vietnam Airlines,VN,HVN
1728,Vietravel Airlines,VU,VAG
1729,VIM Airlines,NN,MOV
1730,Virgin America,VX,VRD
1731,Virgin Atlantic,VS,VIR
1732,Virgin Atlantic International,,VGI
1733,Virgin Australia,VA,VOZ
1734,Virgin Australia Regional,,OZW
1735,Vision Air International,,VIS
1736,Vision Airlines,V2,RBY
1737,VistaJet,,VJT
1738,Vistara,UK,VTI
1739,Viva Air,VH,VVC
1740,Viva Air Peru,VV,VPE
1741,VivaAerobus,VB,VIV
1742,VoePass Linhas Aereas,2Z,PTB
1743,Volare Aviation,,VLZ
1744,Volaris,Y4,VOI
1745,Volaris Costa Rica,Q6,VOC
1746,Volaris El Salvador,N3,VOS
1747,Volato,,TMB
1748,Volga-Dnepr Airlines,VI,VDA
1749,Volotea,V7,VOE
1750,Voluxis,,VXS
1751,Voyage Air,,VRG
1752,Voyageur Airways,VC,VAL
1753,Vueling,VY,VLG
1754,VW Air Service,,BTX
1755,Wamos Air,EB,PLM
1756,Warbelows Air Ventures,4W,WAV
1757,Wasaya Airways,WP,WSG
1758,Wataniya Airways,,WAN
1759,West Air,PN,CHB
1760,West Air,,WLX
1761,West Air,,PCM
1762,West Air Sweden,,SWN
1763,West Atlantic,,NPT
1764,West Coast Charters,,WCC
1765,Westair Aviation,WV,WAA
1766,Western Air,WU,WST
1767,Western Air Express,,WAE
1768,Western Aircraft,ST,STT
1769,Western Global Airlines,KD,WGN
1770,WestJet,WS,WJA
1771,WestJet Encore,WR,WEN
1772,Wheels Up,,GAJ
1773,White,WI,WHT
1774,Wideroe,WF,WIF
1775,Wiggins Airways,,WIG
1776,Wiking Helikopter Service,,WHS
1777,Winair,WM,WIA
1778,Windrose Air Jetcharter,,QGA
1779,Windrose Airlines,7W,WRC
1780,Wingo,P5,RPB
1781,Wingo Panama,,WWP
1782,Wings Air,IW,WON
1783,Wings of Lebanon,W7,WLB
1784,Wizz Air,W6,WZZ
1785,Wizz Air Abu Dhabi,5W,WAZ
1786,Wizz Air Malta,,WMT
1787,Wizz Air UK,W9,WUK
1788,Woodgate Aviation,,CWY
1789,World Atlantic Airlines,WL,WAL
1790,World Cargo Airlines,3G,WCM
1791,World2Fly,2W,WFL
1792,World2Fly Portugal,3P,WPT
1793,Worldwide Jet Charter,,WWI
1794,Wright Air Service,8V,WRF
1795,Xfly,EE,EST
1796,Xiamen Air,MF,CXA
1797,Xo,,XOJ
1798,Yakutia Airlines,R3,SYL
1799,Yamal Airlines,YC,LLM
1800,YanAir,YE,ANR
1801,Yemenia,IY,IYE
1802,Yeti Airlines,YT,NYT
1803,YTO Cargo Airlines,YG,HYT
1804,Zagros Airlines,ZO,IZG
1805,Zambia Airways,ZN,AZB
1806,Zambian Airways,,MBN
1807,Zanair,,TAN
1808,Zenflight,,XEN
1809,Zenith Aviation,,BZE
1810,Zetavia,ZK,ZAV
1811,Zil Air,,SYZ
1812,Zimex Aviation,XM,IMX
1813,Zimex Aviation Austria,,AZD
1814,ZIPAIR,ZG,TZP
1815,Zorex,,ORZ
